<configuration>
    <appender name="STDOUT" class="ch.qos.logback.core.ConsoleAppender">
        <encoder>
            <pattern>
                %d{HH:mm:ss} [%thread] %-5level %logger{36} - %msg%n
            </pattern>
        </encoder>
    </appender>
    <appender name="FILE_HTML" class="ch.qos.logback.core.FileAppender">
        <encoder class="ch.qos.logback.core.encoder.LayoutWrappingEncoder">
            <layout class="ch.qos.logback.classic.html.HTMLLayout">
                <pattern>%relative%thread%mdc%level%logger%msg</pattern>
            </layout>
        </encoder>
        <file>log.html</file>
    </appender>
    <root level="debug">
        <appender-ref ref="STDOUT"/>
        <appender-ref ref="FILE_HTML"/>
    </root>
    <logger name="core" level="trace"/>
    <logger name="visitor" level="debug"/>
</configuration>